episode,episode_length,episode_reward,frame,step,total_time
0.0,1000.0,104.03427681253905,0,0.0,0.046764373779296875
10.0,1000.0,136.15036516831066,10000,5000.0,115.84933638572693
20.0,1000.0,58.68177223200412,20000,10000.0,273.99060463905334
30.0,1000.0,162.27285846745053,30000,15000.0,433.6673994064331
40.0,1000.0,112.65800961758002,40000,20000.0,591.9547545909882
